,Filename,Time,x-coord1,x-coord2,x-mid
0,exp_vid1_0001.png,0.03333333333333333,106,140,123.0
1,exp_vid1_0002.png,0.06666666666666667,132,166,149.0
2,exp_vid1_0003.png,0.1,162,196,179.0
3,exp_vid1_0004.png,0.13333333333333333,211,224,217.5
4,exp_vid1_0005.png,0.16666666666666666,227,261,244.0
5,exp_vid1_0006.png,0.2,221,265,243.0
6,exp_vid1_0007.png,0.23333333333333334,297,318,307.5
7,exp_vid1_0008.png,0.26666666666666666,320,345,332.5
8,exp_vid1_0009.png,0.3,351,374,362.5
9,exp_vid1_0010.png,0.3333333333333333,364,378,371.0
10,exp_vid1_0011.png,0.36666666666666664,381,391,386.0
11,exp_vid1_0012.png,0.4,392,424,408.0
12,exp_vid1_0013.png,0.43333333333333335,250,251,250.5
13,exp_vid1_0014.png,0.4666666666666667,402,406,404.0
14,exp_vid1_0015.png,0.5,395,404,399.5
15,exp_vid1_0016.png,0.5333333333333333,391,400,395.5
16,exp_vid1_0017.png,0.5666666666666667,368,380,374.0
17,exp_vid1_0018.png,0.6,350,379,364.5
18,exp_vid1_0019.png,0.6333333333333333,326,342,334.0
19,exp_vid1_0020.png,0.6666666666666666,303,329,316.0
20,exp_vid1_0021.png,0.7,275,303,289.0
21,exp_vid1_0022.png,0.7333333333333333,219,240,229.5
22,exp_vid1_0023.png,0.7666666666666667,220,225,222.5
23,exp_vid1_0024.png,0.8,203,219,211.0
24,exp_vid1_0025.png,0.8333333333333334,150,168,159.0
25,exp_vid1_0026.png,0.8666666666666667,132,134,133.0
26,exp_vid1_0027.png,0.9,97,117,107.0
27,exp_vid1_0028.png,0.9333333333333333,183,212,197.5
28,exp_vid1_0029.png,0.9666666666666667,208,211,209.5
29,exp_vid1_0030.png,1.0,53,59,56.0
30,exp_vid1_0031.png,1.0333333333333334,46,53,49.5
31,exp_vid1_0032.png,1.0666666666666667,24,51,37.5
32,exp_vid1_0033.png,1.1,208,209,208.5
33,exp_vid1_0034.png,1.1333333333333333,55,57,56.0
34,exp_vid1_0035.png,1.1666666666666667,207,208,207.5
35,exp_vid1_0036.png,1.2,206,208,207.0
36,exp_vid1_0037.png,1.2333333333333334,101,110,105.5
37,exp_vid1_0038.png,1.2666666666666666,116,121,118.5
38,exp_vid1_0039.png,1.3,145,150,147.5
39,exp_vid1_0040.png,1.3333333333333333,175,207,191.0
40,exp_vid1_0041.png,1.3666666666666667,215,232,223.5
41,exp_vid1_0042.png,1.4,220,258,239.0
42,exp_vid1_0043.png,1.4333333333333333,269,303,286.0
43,exp_vid1_0044.png,1.4666666666666666,306,312,309.0
44,exp_vid1_0045.png,1.5,334,336,335.0
45,exp_vid1_0046.png,1.5333333333333334,357,359,358.0
46,exp_vid1_0047.png,1.5666666666666667,370,398,384.0
47,exp_vid1_0048.png,1.6,230,231,230.5
48,exp_vid1_0049.png,1.6333333333333333,402,403,402.5
49,exp_vid1_0050.png,1.6666666666666667,255,257,256.0
50,exp_vid1_0051.png,1.7,397,406,401.5
51,exp_vid1_0052.png,1.7333333333333334,231,423,327.0
52,exp_vid1_0053.png,1.7666666666666666,380,393,386.5
53,exp_vid1_0054.png,1.8,392,399,395.5
54,exp_vid1_0055.png,1.8333333333333333,344,349,346.5
55,exp_vid1_0056.png,1.8666666666666667,321,347,334.0
56,exp_vid1_0057.png,1.9,291,324,307.5
57,exp_vid1_0058.png,1.9333333333333333,267,285,276.0
58,exp_vid1_0059.png,1.9666666666666666,219,252,235.5
59,exp_vid1_0060.png,2.0,217,220,218.5
60,exp_vid1_0061.png,2.033333333333333,177,182,179.5
61,exp_vid1_0062.png,2.066666666666667,151,154,152.5
62,exp_vid1_0063.png,2.1,115,134,124.5
63,exp_vid1_0064.png,2.1333333333333333,146,148,147.0
64,exp_vid1_0065.png,2.1666666666666665,72,89,80.5
65,exp_vid1_0066.png,2.2,40,72,56.0
66,exp_vid1_0067.png,2.2333333333333334,29,60,44.5
67,exp_vid1_0068.png,2.2666666666666666,34,41,37.5
68,exp_vid1_0069.png,2.3,50,55,52.5
69,exp_vid1_0070.png,2.3333333333333335,54,58,56.0
70,exp_vid1_0071.png,2.3666666666666667,63,70,66.5
71,exp_vid1_0072.png,2.4,56,60,58.0
72,exp_vid1_0073.png,2.433333333333333,129,139,134.0
73,exp_vid1_0074.png,2.466666666666667,92,127,109.5
74,exp_vid1_0075.png,2.5,118,154,136.0
75,exp_vid1_0076.png,2.533333333333333,170,174,172.0
76,exp_vid1_0077.png,2.566666666666667,185,216,200.5
77,exp_vid1_0078.png,2.6,217,246,231.5
78,exp_vid1_0079.png,2.6333333333333333,250,268,259.0
79,exp_vid1_0080.png,2.6666666666666665,279,297,288.0
80,exp_vid1_0081.png,2.7,305,333,319.0
81,exp_vid1_0082.png,2.7333333333333334,331,361,346.0
82,exp_vid1_0083.png,2.7666666666666666,352,367,359.5
83,exp_vid1_0084.png,2.8,379,380,379.5
84,exp_vid1_0085.png,2.8333333333333335,403,417,410.0
85,exp_vid1_0086.png,2.8666666666666667,394,418,406.0
86,exp_vid1_0087.png,2.9,397,403,400.0
87,exp_vid1_0088.png,2.933333333333333,396,403,399.5
88,exp_vid1_0089.png,2.966666666666667,392,394,393.0
89,exp_vid1_0090.png,3.0,377,411,394.0
90,exp_vid1_0091.png,3.033333333333333,228,234,231.0
91,exp_vid1_0092.png,3.066666666666667,340,352,346.0
92,exp_vid1_0093.png,3.1,312,330,321.0
93,exp_vid1_0094.png,3.1333333333333333,281,310,295.5
94,exp_vid1_0095.png,3.1666666666666665,258,274,266.0
95,exp_vid1_0096.png,3.2,221,227,224.0
96,exp_vid1_0097.png,3.2333333333333334,193,210,201.5
97,exp_vid1_0098.png,3.2666666666666666,198,216,207.0
98,exp_vid1_0099.png,3.3,188,216,202.0
99,exp_vid1_0100.png,3.3333333333333335,116,131,123.5
100,exp_vid1_0101.png,3.3666666666666667,67,78,72.5
101,exp_vid1_0102.png,3.4,59,77,68.0
102,exp_vid1_0103.png,3.433333333333333,37,68,52.5
103,exp_vid1_0104.png,3.466666666666667,27,58,42.5
104,exp_vid1_0105.png,3.5,23,209,116.0
105,exp_vid1_0106.png,3.533333333333333,23,209,116.0
106,exp_vid1_0107.png,3.566666666666667,205,207,206.0
107,exp_vid1_0108.png,3.6,39,73,56.0
108,exp_vid1_0109.png,3.6333333333333333,113,121,117.0
109,exp_vid1_0110.png,3.6666666666666665,88,100,94.0
110,exp_vid1_0111.png,3.7,106,135,120.5
111,exp_vid1_0112.png,3.7333333333333334,171,214,192.5
112,exp_vid1_0113.png,3.7666666666666666,200,218,209.0
113,exp_vid1_0114.png,3.8,187,222,204.5
114,exp_vid1_0115.png,3.8333333333333335,218,249,233.5
115,exp_vid1_0116.png,3.8666666666666667,223,256,239.5
116,exp_vid1_0117.png,3.9,280,316,298.0
117,exp_vid1_0118.png,3.933333333333333,329,336,332.5
118,exp_vid1_0119.png,3.966666666666667,334,360,347.0
119,exp_vid1_0120.png,4.0,358,364,361.0
120,exp_vid1_0121.png,4.033333333333333,389,396,392.5
121,exp_vid1_0122.png,4.066666666666666,412,414,413.0
122,exp_vid1_0123.png,4.1,402,411,406.5
123,exp_vid1_0124.png,4.133333333333334,402,407,404.5
124,exp_vid1_0125.png,4.166666666666667,404,411,407.5
125,exp_vid1_0126.png,4.2,398,404,401.0
126,exp_vid1_0127.png,4.233333333333333,372,379,375.5
127,exp_vid1_0128.png,4.266666666666667,355,361,358.0
128,exp_vid1_0129.png,4.3,278,282,280.0
129,exp_vid1_0130.png,4.333333333333333,301,328,314.5
130,exp_vid1_0131.png,4.366666666666666,272,305,288.5
131,exp_vid1_0132.png,4.4,223,267,245.0
132,exp_vid1_0133.png,4.433333333333334,221,228,224.5
133,exp_vid1_0134.png,4.466666666666667,205,220,212.5
134,exp_vid1_0135.png,4.5,186,215,200.5
135,exp_vid1_0136.png,4.533333333333333,114,152,133.0
136,exp_vid1_0137.png,4.566666666666666,86,126,106.0
137,exp_vid1_0138.png,4.6,64,96,80.0
138,exp_vid1_0139.png,4.633333333333334,66,77,71.5
139,exp_vid1_0140.png,4.666666666666667,35,64,49.5
140,exp_vid1_0141.png,4.7,48,52,50.0
141,exp_vid1_0142.png,4.733333333333333,53,54,53.5
142,exp_vid1_0143.png,4.766666666666667,28,48,38.0
143,exp_vid1_0144.png,4.8,53,55,54.0
144,exp_vid1_0145.png,4.833333333333333,63,67,65.0
145,exp_vid1_0146.png,4.866666666666666,59,88,73.5
146,exp_vid1_0147.png,4.9,160,165,162.5
147,exp_vid1_0148.png,4.933333333333334,124,127,125.5
148,exp_vid1_0149.png,4.966666666666667,188,214,201.0
149,exp_vid1_0150.png,5.0,203,208,205.5
150,exp_vid1_0151.png,5.033333333333333,201,221,211.0
151,exp_vid1_0152.png,5.066666666666666,226,238,232.0
152,exp_vid1_0153.png,5.1,261,282,271.5
153,exp_vid1_0154.png,5.133333333333334,293,297,295.0
154,exp_vid1_0155.png,5.166666666666667,322,325,323.5
155,exp_vid1_0156.png,5.2,351,354,352.5
156,exp_vid1_0157.png,5.233333333333333,367,371,369.0
157,exp_vid1_0158.png,5.266666666666667,379,382,380.5
158,exp_vid1_0159.png,5.3,388,396,392.0
159,exp_vid1_0160.png,5.333333333333333,394,403,398.5
160,exp_vid1_0161.png,5.366666666666666,395,401,398.0
161,exp_vid1_0162.png,5.4,267,268,267.5
162,exp_vid1_0163.png,5.433333333333334,382,414,398.0
163,exp_vid1_0164.png,5.466666666666667,366,402,384.0
164,exp_vid1_0165.png,5.5,347,378,362.5
165,exp_vid1_0166.png,5.533333333333333,324,332,328.0
166,exp_vid1_0167.png,5.566666666666666,299,316,307.5
167,exp_vid1_0168.png,5.6,222,223,222.5
168,exp_vid1_0169.png,5.633333333333334,245,252,248.5
169,exp_vid1_0170.png,5.666666666666667,219,224,221.5
170,exp_vid1_0171.png,5.7,185,219,202.0
171,exp_vid1_0172.png,5.733333333333333,135,175,155.0
172,exp_vid1_0173.png,5.766666666666667,114,141,127.5
173,exp_vid1_0174.png,5.8,103,104,103.5
174,exp_vid1_0175.png,5.833333333333333,84,107,95.5
175,exp_vid1_0176.png,5.866666666666666,63,81,72.0
176,exp_vid1_0177.png,5.9,52,68,60.0
177,exp_vid1_0178.png,5.933333333333334,28,60,44.0
178,exp_vid1_0179.png,5.966666666666667,202,207,204.5
179,exp_vid1_0180.png,6.0,49,50,49.5
180,exp_vid1_0181.png,6.033333333333333,60,69,64.5
181,exp_vid1_0182.png,6.066666666666666,75,79,77.0
182,exp_vid1_0183.png,6.1,65,70,67.5
183,exp_vid1_0184.png,6.133333333333334,91,100,95.5
184,exp_vid1_0185.png,6.166666666666667,296,299,297.5
185,exp_vid1_0186.png,6.2,168,173,170.5
186,exp_vid1_0187.png,6.233333333333333,190,195,192.5
187,exp_vid1_0188.png,6.266666666666667,220,231,225.5
188,exp_vid1_0189.png,6.3,220,221,220.5
189,exp_vid1_0190.png,6.333333333333333,281,285,283.0
190,exp_vid1_0191.png,6.366666666666666,300,302,301.0
191,exp_vid1_0192.png,6.4,331,333,332.0
192,exp_vid1_0193.png,6.433333333333334,227,228,227.5
193,exp_vid1_0194.png,6.466666666666667,371,397,384.0
194,exp_vid1_0195.png,6.5,379,381,380.0
195,exp_vid1_0196.png,6.533333333333333,406,408,407.0
196,exp_vid1_0197.png,6.566666666666666,402,406,404.0
197,exp_vid1_0198.png,6.6,246,251,248.5
198,exp_vid1_0199.png,6.633333333333334,261,263,262.0
199,exp_vid1_0200.png,6.666666666666667,370,375,372.5
200,exp_vid1_0201.png,6.7,341,360,350.5
201,exp_vid1_0202.png,6.733333333333333,342,365,353.5
202,exp_vid1_0203.png,6.766666666666667,321,350,335.5
203,exp_vid1_0204.png,6.8,286,326,306.0
204,exp_vid1_0205.png,6.833333333333333,224,281,252.5
205,exp_vid1_0206.png,6.866666666666666,224,259,241.5
206,exp_vid1_0207.png,6.9,217,222,219.5
207,exp_vid1_0208.png,6.933333333333334,196,216,206.0
208,exp_vid1_0209.png,6.966666666666667,131,169,150.0
209,exp_vid1_0210.png,7.0,210,213,211.5
210,exp_vid1_0211.png,7.033333333333333,100,106,103.0
211,exp_vid1_0212.png,7.066666666666666,56,90,73.0
212,exp_vid1_0213.png,7.1,68,69,68.5
213,exp_vid1_0214.png,7.133333333333334,32,62,47.0
214,exp_vid1_0215.png,7.166666666666667,39,50,44.5
215,exp_vid1_0216.png,7.2,46,52,49.0
216,exp_vid1_0217.png,7.233333333333333,51,52,51.5
217,exp_vid1_0218.png,7.266666666666667,68,74,71.0
218,exp_vid1_0219.png,7.3,52,86,69.0
219,exp_vid1_0220.png,7.333333333333333,207,210,208.5
220,exp_vid1_0221.png,7.366666666666666,122,127,124.5
221,exp_vid1_0222.png,7.4,211,213,212.0
222,exp_vid1_0223.png,7.433333333333334,152,181,166.5
223,exp_vid1_0224.png,7.466666666666667,181,218,199.5
224,exp_vid1_0225.png,7.5,219,241,230.0
225,exp_vid1_0226.png,7.533333333333333,222,266,244.0
226,exp_vid1_0227.png,7.566666666666666,224,251,237.5
227,exp_vid1_0228.png,7.6,303,339,321.0
228,exp_vid1_0229.png,7.633333333333334,348,354,351.0
229,exp_vid1_0230.png,7.666666666666667,349,371,360.0
230,exp_vid1_0231.png,7.7,367,380,373.5
231,exp_vid1_0232.png,7.733333333333333,383,414,398.5
232,exp_vid1_0233.png,7.766666666666667,391,421,406.0
233,exp_vid1_0234.png,7.8,233,237,235.0
234,exp_vid1_0235.png,7.833333333333333,402,408,405.0
235,exp_vid1_0236.png,7.866666666666666,385,393,389.0
236,exp_vid1_0237.png,7.9,377,378,377.5
237,exp_vid1_0238.png,7.933333333333334,355,390,372.5
238,exp_vid1_0239.png,7.966666666666667,302,305,303.5
239,exp_vid1_0240.png,8.0,310,328,319.0
240,exp_vid1_0241.png,8.033333333333333,285,308,296.5
241,exp_vid1_0242.png,8.066666666666666,266,273,269.5
242,exp_vid1_0243.png,8.1,224,244,234.0
243,exp_vid1_0244.png,8.133333333333333,199,216,207.5
244,exp_vid1_0245.png,8.166666666666666,162,182,172.0
245,exp_vid1_0246.png,8.2,120,159,139.5
246,exp_vid1_0247.png,8.233333333333333,110,133,121.5
247,exp_vid1_0248.png,8.266666666666667,142,148,145.0
248,exp_vid1_0249.png,8.3,55,81,68.0
249,exp_vid1_0250.png,8.333333333333334,208,210,209.0
250,exp_vid1_0251.png,8.366666666666667,52,61,56.5
251,exp_vid1_0252.png,8.4,50,51,50.5
252,exp_vid1_0253.png,8.433333333333334,49,53,51.0
253,exp_vid1_0254.png,8.466666666666667,48,52,50.0
254,exp_vid1_0255.png,8.5,63,74,68.5
255,exp_vid1_0256.png,8.533333333333333,125,127,126.0
256,exp_vid1_0257.png,8.566666666666666,95,111,103.0
257,exp_vid1_0258.png,8.6,100,135,117.5
258,exp_vid1_0259.png,8.633333333333333,126,163,144.5
259,exp_vid1_0260.png,8.666666666666666,165,184,174.5
260,exp_vid1_0261.png,8.7,195,222,208.5
261,exp_vid1_0262.png,8.733333333333333,219,226,222.5
262,exp_vid1_0263.png,8.766666666666667,255,284,269.5
263,exp_vid1_0264.png,8.8,285,308,296.5
264,exp_vid1_0265.png,8.833333333333334,312,336,324.0
265,exp_vid1_0266.png,8.866666666666667,337,360,348.5
266,exp_vid1_0267.png,8.9,351,387,369.0
267,exp_vid1_0268.png,8.933333333333334,369,401,385.0
268,exp_vid1_0269.png,8.966666666666667,387,389,388.0
269,exp_vid1_0270.png,9.0,390,397,393.5
270,exp_vid1_0271.png,9.033333333333333,399,403,401.0
271,exp_vid1_0272.png,9.066666666666666,397,399,398.0
272,exp_vid1_0273.png,9.1,381,389,385.0
273,exp_vid1_0274.png,9.133333333333333,369,390,379.5
274,exp_vid1_0275.png,9.166666666666666,351,369,360.0
275,exp_vid1_0276.png,9.2,226,227,226.5
276,exp_vid1_0277.png,9.233333333333333,268,304,286.0
277,exp_vid1_0278.png,9.266666666666667,276,300,288.0
278,exp_vid1_0279.png,9.3,220,235,227.5
279,exp_vid1_0280.png,9.333333333333334,206,246,226.0
280,exp_vid1_0281.png,9.366666666666667,193,209,201.0
281,exp_vid1_0282.png,9.4,193,215,204.0
282,exp_vid1_0283.png,9.433333333333334,129,144,136.5
283,exp_vid1_0284.png,9.466666666666667,105,121,113.0
284,exp_vid1_0285.png,9.5,74,104,89.0
285,exp_vid1_0286.png,9.533333333333333,55,63,59.0
286,exp_vid1_0287.png,9.566666666666666,65,75,70.0
287,exp_vid1_0288.png,9.6,140,144,142.0
288,exp_vid1_0289.png,9.633333333333333,48,49,48.5
289,exp_vid1_0290.png,9.666666666666666,52,54,53.0
290,exp_vid1_0291.png,9.7,56,63,59.5
291,exp_vid1_0292.png,9.733333333333333,47,79,63.0
292,exp_vid1_0293.png,9.766666666666667,62,94,78.0
293,exp_vid1_0294.png,9.8,210,211,210.5
294,exp_vid1_0295.png,9.833333333333334,114,143,128.5
295,exp_vid1_0296.png,9.866666666666667,148,163,155.5
296,exp_vid1_0297.png,9.9,202,218,210.0
297,exp_vid1_0298.png,9.933333333333334,200,234,217.0
298,exp_vid1_0299.png,9.966666666666667,221,252,236.5
299,exp_vid1_0300.png,10.0,223,252,237.5
300,exp_vid1_0301.png,10.033333333333333,288,307,297.5
301,exp_vid1_0302.png,10.066666666666666,315,337,326.0
302,exp_vid1_0303.png,10.1,348,353,350.5
303,exp_vid1_0304.png,10.133333333333333,358,374,366.0
304,exp_vid1_0305.png,10.166666666666666,372,384,378.0
305,exp_vid1_0306.png,10.2,408,416,412.0
306,exp_vid1_0307.png,10.233333333333333,391,397,394.0
307,exp_vid1_0308.png,10.266666666666667,398,400,399.0
308,exp_vid1_0309.png,10.3,388,418,403.0
309,exp_vid1_0310.png,10.333333333333334,379,386,382.5
310,exp_vid1_0311.png,10.366666666666667,374,376,375.0
311,exp_vid1_0312.png,10.4,344,372,358.0
312,exp_vid1_0313.png,10.433333333333334,320,343,331.5
313,exp_vid1_0314.png,10.466666666666667,262,264,263.0
314,exp_vid1_0315.png,10.5,273,277,275.0
315,exp_vid1_0316.png,10.533333333333333,233,268,250.5
316,exp_vid1_0317.png,10.566666666666666,210,223,216.5
317,exp_vid1_0318.png,10.6,197,219,208.0
318,exp_vid1_0319.png,10.633333333333333,156,164,160.0
319,exp_vid1_0320.png,10.666666666666666,110,117,113.5
320,exp_vid1_0321.png,10.7,104,119,111.5
321,exp_vid1_0322.png,10.733333333333333,80,101,90.5
322,exp_vid1_0323.png,10.766666666666667,48,81,64.5
323,exp_vid1_0324.png,10.8,65,66,65.5
324,exp_vid1_0325.png,10.833333333333334,51,53,52.0
325,exp_vid1_0326.png,10.866666666666667,41,56,48.5
326,exp_vid1_0327.png,10.9,42,52,47.0
327,exp_vid1_0328.png,10.933333333333334,61,72,66.5
328,exp_vid1_0329.png,10.966666666666667,75,79,77.0
329,exp_vid1_0330.png,11.0,96,99,97.5
330,exp_vid1_0331.png,11.033333333333333,94,126,110.0
331,exp_vid1_0332.png,11.066666666666666,169,179,174.0
332,exp_vid1_0333.png,11.1,216,217,216.5
333,exp_vid1_0334.png,11.133333333333333,185,217,201.0
334,exp_vid1_0335.png,11.166666666666666,220,231,225.5
335,exp_vid1_0336.png,11.2,222,259,240.5
336,exp_vid1_0337.png,11.233333333333333,224,263,243.5
337,exp_vid1_0338.png,11.266666666666667,297,314,305.5
338,exp_vid1_0339.png,11.3,225,226,225.5
339,exp_vid1_0340.png,11.333333333333334,346,349,347.5
340,exp_vid1_0341.png,11.366666666666667,360,379,369.5
341,exp_vid1_0342.png,11.4,385,388,386.5
342,exp_vid1_0343.png,11.433333333333334,385,417,401.0
343,exp_vid1_0344.png,11.466666666666667,389,400,394.5
344,exp_vid1_0345.png,11.5,230,421,325.5
345,exp_vid1_0346.png,11.533333333333333,384,416,400.0
346,exp_vid1_0347.png,11.566666666666666,378,379,378.5
347,exp_vid1_0348.png,11.6,357,391,374.0
348,exp_vid1_0349.png,11.633333333333333,339,359,349.0
349,exp_vid1_0350.png,11.666666666666666,315,338,326.5
350,exp_vid1_0351.png,11.7,288,310,299.0
351,exp_vid1_0352.png,11.733333333333333,262,279,270.5
352,exp_vid1_0353.png,11.766666666666667,219,232,225.5
353,exp_vid1_0354.png,11.8,205,211,208.0
354,exp_vid1_0355.png,11.833333333333334,217,219,218.0
355,exp_vid1_0356.png,11.866666666666667,129,168,148.5
356,exp_vid1_0357.png,11.9,122,137,129.5
357,exp_vid1_0358.png,11.933333333333334,100,115,107.5
358,exp_vid1_0359.png,11.966666666666667,60,94,77.0
359,exp_vid1_0360.png,12.0,71,74,72.5
360,exp_vid1_0361.png,12.033333333333333,174,210,192.0
361,exp_vid1_0362.png,12.066666666666666,44,49,46.5
362,exp_vid1_0363.png,12.1,138,139,138.5
363,exp_vid1_0364.png,12.133333333333333,48,53,50.5
364,exp_vid1_0365.png,12.166666666666666,186,187,186.5
365,exp_vid1_0366.png,12.2,68,71,69.5
366,exp_vid1_0367.png,12.233333333333333,134,142,138.0
367,exp_vid1_0368.png,12.266666666666667,103,127,115.0
368,exp_vid1_0369.png,12.3,161,214,187.5
369,exp_vid1_0370.png,12.333333333333334,165,181,173.0
370,exp_vid1_0371.png,12.366666666666667,194,197,195.5
371,exp_vid1_0372.png,12.4,296,299,297.5
372,exp_vid1_0373.png,12.433333333333334,251,257,254.0
373,exp_vid1_0374.png,12.466666666666667,296,299,297.5
374,exp_vid1_0375.png,12.5,301,321,311.0
375,exp_vid1_0376.png,12.533333333333333,333,348,340.5
376,exp_vid1_0377.png,12.566666666666666,347,360,353.5
377,exp_vid1_0378.png,12.6,367,375,371.0
378,exp_vid1_0379.png,12.633333333333333,380,388,384.0
379,exp_vid1_0380.png,12.666666666666666,387,418,402.5
380,exp_vid1_0381.png,12.7,400,401,400.5
381,exp_vid1_0382.png,12.733333333333333,400,405,402.5
382,exp_vid1_0383.png,12.766666666666667,391,398,394.5
383,exp_vid1_0384.png,12.8,372,380,376.0
384,exp_vid1_0385.png,12.833333333333334,352,366,359.0
385,exp_vid1_0386.png,12.866666666666667,335,341,338.0
386,exp_vid1_0387.png,12.9,306,342,324.0
387,exp_vid1_0388.png,12.933333333333334,297,301,299.0
388,exp_vid1_0389.png,12.966666666666667,269,273,271.0
389,exp_vid1_0390.png,13.0,212,252,232.0
390,exp_vid1_0391.png,13.033333333333333,191,212,201.5
391,exp_vid1_0392.png,13.066666666666666,165,184,174.5
392,exp_vid1_0393.png,13.1,135,154,144.5
393,exp_vid1_0394.png,13.133333333333333,106,129,117.5
394,exp_vid1_0395.png,13.166666666666666,84,109,96.5
395,exp_vid1_0396.png,13.2,86,89,87.5
396,exp_vid1_0397.png,13.233333333333333,66,75,70.5
397,exp_vid1_0398.png,13.266666666666667,61,65,63.0
398,exp_vid1_0399.png,13.3,31,55,43.0
399,exp_vid1_0400.png,13.333333333333334,45,52,48.5
400,exp_vid1_0401.png,13.366666666666667,58,69,63.5
401,exp_vid1_0402.png,13.4,71,83,77.0
402,exp_vid1_0403.png,13.433333333333334,88,93,90.5
403,exp_vid1_0404.png,13.466666666666667,89,117,103.0
404,exp_vid1_0405.png,13.5,132,167,149.5
405,exp_vid1_0406.png,13.533333333333333,135,150,142.5
406,exp_vid1_0407.png,13.566666666666666,196,218,207.0
407,exp_vid1_0408.png,13.6,195,229,212.0
408,exp_vid1_0409.png,13.633333333333333,219,227,223.0
409,exp_vid1_0410.png,13.666666666666666,256,273,264.5
410,exp_vid1_0411.png,13.7,283,301,292.0
411,exp_vid1_0412.png,13.733333333333333,309,326,317.5
412,exp_vid1_0413.png,13.766666666666667,338,366,352.0
413,exp_vid1_0414.png,13.8,352,365,358.5
414,exp_vid1_0415.png,13.833333333333334,371,402,386.5
415,exp_vid1_0416.png,13.866666666666667,381,412,396.5
416,exp_vid1_0417.png,13.9,388,395,391.5
417,exp_vid1_0418.png,13.933333333333334,390,391,390.5
418,exp_vid1_0419.png,13.966666666666667,232,237,234.5
419,exp_vid1_0420.png,14.0,377,410,393.5
420,exp_vid1_0421.png,14.033333333333333,392,399,395.5
421,exp_vid1_0422.png,14.066666666666666,346,360,353.0
422,exp_vid1_0423.png,14.1,226,227,226.5
423,exp_vid1_0424.png,14.133333333333333,295,331,313.0
424,exp_vid1_0425.png,14.166666666666666,265,296,280.5
425,exp_vid1_0426.png,14.2,222,262,242.0
426,exp_vid1_0427.png,14.233333333333333,202,244,223.0
427,exp_vid1_0428.png,14.266666666666667,191,201,196.0
428,exp_vid1_0429.png,14.3,164,180,172.0
429,exp_vid1_0430.png,14.333333333333334,129,145,137.0
430,exp_vid1_0431.png,14.366666666666667,113,116,114.5
431,exp_vid1_0432.png,14.4,69,106,87.5
432,exp_vid1_0433.png,14.433333333333334,72,82,77.0
433,exp_vid1_0434.png,14.466666666666667,68,77,72.5
434,exp_vid1_0435.png,14.5,35,65,50.0
435,exp_vid1_0436.png,14.533333333333333,33,209,121.0
436,exp_vid1_0437.png,14.566666666666666,170,210,190.0
437,exp_vid1_0438.png,14.6,60,68,64.0
438,exp_vid1_0439.png,14.633333333333333,52,85,68.5
439,exp_vid1_0440.png,14.666666666666666,85,101,93.0
440,exp_vid1_0441.png,14.7,88,123,105.5
441,exp_vid1_0442.png,14.733333333333333,113,149,131.0
442,exp_vid1_0443.png,14.766666666666667,155,171,163.0
443,exp_vid1_0444.png,14.8,168,206,187.0
444,exp_vid1_0445.png,14.833333333333334,217,227,222.0
445,exp_vid1_0446.png,14.866666666666667,219,233,226.0
446,exp_vid1_0447.png,14.9,256,296,276.0
447,exp_vid1_0448.png,14.933333333333334,291,311,301.0
448,exp_vid1_0449.png,14.966666666666667,314,343,328.5
449,exp_vid1_0450.png,15.0,331,340,335.5
450,exp_vid1_0451.png,15.033333333333333,228,229,228.5
451,exp_vid1_0452.png,15.066666666666666,395,401,398.0
452,exp_vid1_0453.png,15.1,382,413,397.5
453,exp_vid1_0454.png,15.133333333333333,396,398,397.0
454,exp_vid1_0455.png,15.166666666666666,396,397,396.5
455,exp_vid1_0456.png,15.2,390,391,390.5
456,exp_vid1_0457.png,15.233333333333333,383,394,388.5
457,exp_vid1_0458.png,15.266666666666667,365,366,365.5
458,exp_vid1_0459.png,15.3,349,354,351.5
459,exp_vid1_0460.png,15.333333333333334,322,334,328.0
460,exp_vid1_0461.png,15.366666666666667,298,305,301.5
461,exp_vid1_0462.png,15.4,266,283,274.5
462,exp_vid1_0463.png,15.433333333333334,228,233,230.5
463,exp_vid1_0464.png,15.466666666666667,219,222,220.5
464,exp_vid1_0465.png,15.5,182,186,184.0
465,exp_vid1_0466.png,15.533333333333333,166,217,191.5
466,exp_vid1_0467.png,15.566666666666666,124,142,133.0
467,exp_vid1_0468.png,15.6,103,120,111.5
468,exp_vid1_0469.png,15.633333333333333,92,95,93.5
469,exp_vid1_0470.png,15.666666666666666,52,83,67.5
470,exp_vid1_0471.png,15.7,42,72,57.0
471,exp_vid1_0472.png,15.733333333333333,57,67,62.0
472,exp_vid1_0473.png,15.766666666666667,206,207,206.5
473,exp_vid1_0474.png,15.8,38,210,124.0
474,exp_vid1_0475.png,15.833333333333334,71,80,75.5
475,exp_vid1_0476.png,15.866666666666667,60,91,75.5
476,exp_vid1_0477.png,15.9,98,100,99.0
477,exp_vid1_0478.png,15.933333333333334,112,125,118.5
478,exp_vid1_0479.png,15.966666666666667,296,299,297.5
479,exp_vid1_0480.png,16.0,163,178,170.5
480,exp_vid1_0481.png,16.033333333333335,198,201,199.5
481,exp_vid1_0482.png,16.066666666666666,217,238,227.5
482,exp_vid1_0483.png,16.1,245,264,254.5
483,exp_vid1_0484.png,16.133333333333333,272,291,281.5
484,exp_vid1_0485.png,16.166666666666668,226,251,238.5
485,exp_vid1_0486.png,16.2,320,352,336.0
486,exp_vid1_0487.png,16.233333333333334,343,359,351.0
487,exp_vid1_0488.png,16.266666666666666,228,229,228.5
488,exp_vid1_0489.png,16.3,375,385,380.0
489,exp_vid1_0490.png,16.333333333333332,390,391,390.5
490,exp_vid1_0491.png,16.366666666666667,397,404,400.5
491,exp_vid1_0492.png,16.4,391,392,391.5
492,exp_vid1_0493.png,16.433333333333334,380,412,396.0
493,exp_vid1_0494.png,16.466666666666665,373,380,376.5
494,exp_vid1_0495.png,16.5,354,363,358.5
495,exp_vid1_0496.png,16.533333333333335,293,296,294.5
496,exp_vid1_0497.png,16.566666666666666,310,328,319.0
497,exp_vid1_0498.png,16.6,283,303,293.0
498,exp_vid1_0499.png,16.633333333333333,221,222,221.5
499,exp_vid1_0500.png,16.666666666666668,219,229,224.0
500,exp_vid1_0501.png,16.7,211,214,212.5
501,exp_vid1_0502.png,16.733333333333334,168,187,177.5
502,exp_vid1_0503.png,16.766666666666666,145,151,148.0
503,exp_vid1_0504.png,16.8,130,139,134.5
504,exp_vid1_0505.png,16.833333333333332,107,109,108.0
505,exp_vid1_0506.png,16.866666666666667,63,93,78.0
506,exp_vid1_0507.png,16.9,74,82,78.0
507,exp_vid1_0508.png,16.933333333333334,296,299,297.5
508,exp_vid1_0509.png,16.966666666666665,49,54,51.5
509,exp_vid1_0510.png,17.0,296,299,297.5
510,exp_vid1_0511.png,17.033333333333335,199,201,200.0
511,exp_vid1_0512.png,17.066666666666666,296,299,297.5
512,exp_vid1_0513.png,17.1,71,77,74.0
513,exp_vid1_0514.png,17.133333333333333,104,106,105.0
514,exp_vid1_0515.png,17.166666666666668,104,138,121.0
515,exp_vid1_0516.png,17.2,146,164,155.0
516,exp_vid1_0517.png,17.233333333333334,170,187,178.5
517,exp_vid1_0518.png,17.266666666666666,185,223,204.0
518,exp_vid1_0519.png,17.3,218,243,230.5
519,exp_vid1_0520.png,17.333333333333332,223,269,246.0
520,exp_vid1_0521.png,17.366666666666667,296,301,298.5
521,exp_vid1_0522.png,17.4,304,321,312.5
522,exp_vid1_0523.png,17.433333333333334,334,337,335.5
523,exp_vid1_0524.png,17.466666666666665,354,369,361.5
524,exp_vid1_0525.png,17.5,291,304,297.5
525,exp_vid1_0526.png,17.533333333333335,376,386,381.0
526,exp_vid1_0527.png,17.566666666666666,393,395,394.0
527,exp_vid1_0528.png,17.6,386,417,401.5
528,exp_vid1_0529.png,17.633333333333333,392,400,396.0
529,exp_vid1_0530.png,17.666666666666668,377,388,382.5
530,exp_vid1_0531.png,17.7,374,375,374.5
531,exp_vid1_0532.png,17.733333333333334,349,362,355.5
532,exp_vid1_0533.png,17.766666666666666,325,361,343.0
533,exp_vid1_0534.png,17.8,316,318,317.0
534,exp_vid1_0535.png,17.833333333333332,277,295,286.0
535,exp_vid1_0536.png,17.866666666666667,248,262,255.0
536,exp_vid1_0537.png,17.9,221,228,224.5
537,exp_vid1_0538.png,17.933333333333334,186,217,201.5
538,exp_vid1_0539.png,17.966666666666665,177,184,180.5
539,exp_vid1_0540.png,18.0,133,149,141.0
540,exp_vid1_0541.png,18.033333333333335,95,132,113.5
541,exp_vid1_0542.png,18.066666666666666,102,104,103.0
542,exp_vid1_0543.png,18.1,80,86,83.0
543,exp_vid1_0544.png,18.133333333333333,66,78,72.0
544,exp_vid1_0545.png,18.166666666666668,62,68,65.0
545,exp_vid1_0546.png,18.2,36,66,51.0
546,exp_vid1_0547.png,18.233333333333334,38,61,49.5
547,exp_vid1_0548.png,18.266666666666666,55,64,59.5
548,exp_vid1_0549.png,18.3,81,87,84.0
549,exp_vid1_0550.png,18.333333333333332,68,101,84.5
550,exp_vid1_0551.png,18.366666666666667,96,122,109.0
551,exp_vid1_0552.png,18.4,113,144,128.5
552,exp_vid1_0553.png,18.433333333333334,150,151,150.5
553,exp_vid1_0554.png,18.466666666666665,176,178,177.0
554,exp_vid1_0555.png,18.5,201,235,218.0
555,exp_vid1_0556.png,18.533333333333335,221,251,236.0
556,exp_vid1_0557.png,18.566666666666666,258,293,275.5
557,exp_vid1_0558.png,18.6,286,304,295.0
558,exp_vid1_0559.png,18.633333333333333,311,327,319.0
559,exp_vid1_0560.png,18.666666666666668,335,348,341.5
560,exp_vid1_0561.png,18.7,340,357,348.5
561,exp_vid1_0562.png,18.733333333333334,367,397,382.0
562,exp_vid1_0563.png,18.766666666666666,404,406,405.0
563,exp_vid1_0564.png,18.8,387,391,389.0
564,exp_vid1_0565.png,18.833333333333332,386,392,389.0
565,exp_vid1_0566.png,18.866666666666667,382,389,385.5
566,exp_vid1_0567.png,18.9,375,376,375.5
567,exp_vid1_0568.png,18.933333333333334,358,370,364.0
568,exp_vid1_0569.png,18.966666666666665,371,374,372.5
569,exp_vid1_0570.png,19.0,319,334,326.5
570,exp_vid1_0571.png,19.033333333333335,295,296,295.5
571,exp_vid1_0572.png,19.066666666666666,268,284,276.0
572,exp_vid1_0573.png,19.1,237,269,253.0
573,exp_vid1_0574.png,19.133333333333333,215,233,224.0
574,exp_vid1_0575.png,19.166666666666668,181,198,189.5
575,exp_vid1_0576.png,19.2,147,177,162.0
576,exp_vid1_0577.png,19.233333333333334,131,136,133.5
577,exp_vid1_0578.png,19.266666666666666,101,104,102.5
578,exp_vid1_0579.png,19.3,80,84,82.0
579,exp_vid1_0580.png,19.333333333333332,63,84,73.5
580,exp_vid1_0581.png,19.366666666666667,64,76,70.0
581,exp_vid1_0582.png,19.4,39,70,54.5
582,exp_vid1_0583.png,19.433333333333334,37,210,123.5
583,exp_vid1_0584.png,19.466666666666665,175,178,176.5
584,exp_vid1_0585.png,19.5,66,74,70.0
585,exp_vid1_0586.png,19.533333333333335,59,92,75.5
586,exp_vid1_0587.png,19.566666666666666,75,107,91.0
587,exp_vid1_0588.png,19.6,97,131,114.0
588,exp_vid1_0589.png,19.633333333333333,121,156,138.5
589,exp_vid1_0590.png,19.666666666666668,147,184,165.5
590,exp_vid1_0591.png,19.7,172,211,191.5
591,exp_vid1_0592.png,19.733333333333334,213,232,222.5
592,exp_vid1_0593.png,19.766666666666666,241,262,251.5
593,exp_vid1_0594.png,19.8,263,297,280.0
594,exp_vid1_0595.png,19.833333333333332,293,311,302.0
595,exp_vid1_0596.png,19.866666666666667,317,344,330.5
596,exp_vid1_0597.png,19.9,339,354,346.5
597,exp_vid1_0598.png,19.933333333333334,356,368,362.0
598,exp_vid1_0599.png,19.966666666666665,371,403,387.0
599,exp_vid1_0600.png,20.0,384,385,384.5
600,exp_vid1_0601.png,20.033333333333335,394,415,404.5
601,exp_vid1_0602.png,20.066666666666666,383,415,399.0
602,exp_vid1_0603.png,20.1,402,410,406.0
603,exp_vid1_0604.png,20.133333333333333,371,376,373.5
604,exp_vid1_0605.png,20.166666666666668,352,384,368.0
605,exp_vid1_0606.png,20.2,332,367,349.5
606,exp_vid1_0607.png,20.233333333333334,309,348,328.5
607,exp_vid1_0608.png,20.266666666666666,284,304,294.0
608,exp_vid1_0609.png,20.3,221,222,221.5
609,exp_vid1_0610.png,20.333333333333332,222,232,227.0
610,exp_vid1_0611.png,20.366666666666667,202,218,210.0
611,exp_vid1_0612.png,20.4,178,217,197.5
612,exp_vid1_0613.png,20.433333333333334,165,217,191.0
613,exp_vid1_0614.png,20.466666666666665,107,139,123.0
614,exp_vid1_0615.png,20.5,85,118,101.5
615,exp_vid1_0616.png,20.533333333333335,83,100,91.5
616,exp_vid1_0617.png,20.566666666666666,62,66,64.0
617,exp_vid1_0618.png,20.6,207,208,207.5
618,exp_vid1_0619.png,20.633333333333333,59,61,60.0
619,exp_vid1_0620.png,20.666666666666668,58,61,59.5
620,exp_vid1_0621.png,20.7,53,64,58.5
621,exp_vid1_0622.png,20.733333333333334,65,74,69.5
622,exp_vid1_0623.png,20.766666666666666,86,87,86.5
623,exp_vid1_0624.png,20.8,82,117,99.5
624,exp_vid1_0625.png,20.833333333333332,105,141,123.0
625,exp_vid1_0626.png,20.866666666666667,148,149,148.5
626,exp_vid1_0627.png,20.9,183,218,200.5
627,exp_vid1_0628.png,20.933333333333334,182,221,201.5
628,exp_vid1_0629.png,20.966666666666665,220,243,231.5
629,exp_vid1_0630.png,21.0,220,245,232.5
630,exp_vid1_0631.png,21.033333333333335,222,223,222.5
631,exp_vid1_0632.png,21.066666666666666,301,320,310.5
632,exp_vid1_0633.png,21.1,325,340,332.5
633,exp_vid1_0634.png,21.133333333333333,344,357,350.5
634,exp_vid1_0635.png,21.166666666666668,360,374,367.0
635,exp_vid1_0636.png,21.2,382,383,382.5
636,exp_vid1_0637.png,21.233333333333334,390,393,391.5
637,exp_vid1_0638.png,21.266666666666666,382,394,388.0
638,exp_vid1_0639.png,21.3,230,231,230.5
639,exp_vid1_0640.png,21.333333333333332,385,395,390.0
640,exp_vid1_0641.png,21.366666666666667,229,230,229.5
641,exp_vid1_0642.png,21.4,346,363,354.5
642,exp_vid1_0643.png,21.433333333333334,325,354,339.5
643,exp_vid1_0644.png,21.466666666666665,306,323,314.5
644,exp_vid1_0645.png,21.5,279,280,279.5
645,exp_vid1_0646.png,21.533333333333335,253,269,261.0
646,exp_vid1_0647.png,21.566666666666666,218,252,235.0
647,exp_vid1_0648.png,21.6,212,220,216.0
648,exp_vid1_0649.png,21.633333333333333,157,182,169.5
649,exp_vid1_0650.png,21.666666666666668,123,162,142.5
650,exp_vid1_0651.png,21.7,107,132,119.5
651,exp_vid1_0652.png,21.733333333333334,88,111,99.5
652,exp_vid1_0653.png,21.766666666666666,67,74,70.5
653,exp_vid1_0654.png,21.8,51,58,54.5
654,exp_vid1_0655.png,21.833333333333332,43,73,58.0
655,exp_vid1_0656.png,21.866666666666667,62,64,63.0
656,exp_vid1_0657.png,21.9,41,210,125.5
657,exp_vid1_0658.png,21.933333333333334,65,79,72.0
658,exp_vid1_0659.png,21.966666666666665,80,84,82.0
659,exp_vid1_0660.png,22.0,204,210,207.0
660,exp_vid1_0661.png,22.033333333333335,97,101,99.0
661,exp_vid1_0662.png,22.066666666666666,212,215,213.5
662,exp_vid1_0663.png,22.1,150,171,160.5
663,exp_vid1_0664.png,22.133333333333333,174,193,183.5
664,exp_vid1_0665.png,22.166666666666668,216,221,218.5
665,exp_vid1_0666.png,22.2,221,248,234.5
666,exp_vid1_0667.png,22.233333333333334,255,284,269.5
667,exp_vid1_0668.png,22.266666666666666,282,310,296.0
668,exp_vid1_0669.png,22.3,312,336,324.0
669,exp_vid1_0670.png,22.333333333333332,331,345,338.0
670,exp_vid1_0671.png,22.366666666666667,347,377,362.0
671,exp_vid1_0672.png,22.4,370,371,370.5
672,exp_vid1_0673.png,22.433333333333334,375,385,380.0
673,exp_vid1_0674.png,22.466666666666665,392,403,397.5
674,exp_vid1_0675.png,22.5,393,404,398.5
675,exp_vid1_0676.png,22.533333333333335,389,403,396.0
676,exp_vid1_0677.png,22.566666666666666,377,382,379.5
677,exp_vid1_0678.png,22.6,361,369,365.0
678,exp_vid1_0679.png,22.633333333333333,338,374,356.0
679,exp_vid1_0680.png,22.666666666666668,321,339,330.0
680,exp_vid1_0681.png,22.7,309,312,310.5
681,exp_vid1_0682.png,22.733333333333334,269,283,276.0
682,exp_vid1_0683.png,22.766666666666666,232,234,233.0
683,exp_vid1_0684.png,22.8,220,231,225.5
684,exp_vid1_0685.png,22.833333333333332,183,203,193.0
685,exp_vid1_0686.png,22.866666666666667,152,174,163.0
686,exp_vid1_0687.png,22.9,124,149,136.5
687,exp_vid1_0688.png,22.933333333333334,102,130,116.0
688,exp_vid1_0689.png,22.966666666666665,91,108,99.5
689,exp_vid1_0690.png,23.0,61,77,69.0
690,exp_vid1_0691.png,23.033333333333335,53,54,53.5
691,exp_vid1_0692.png,23.066666666666666,43,210,126.5
692,exp_vid1_0693.png,23.1,207,210,208.5
693,exp_vid1_0694.png,23.133333333333333,71,72,71.5
694,exp_vid1_0695.png,23.166666666666668,60,61,60.5
695,exp_vid1_0696.png,23.2,71,74,72.5
696,exp_vid1_0697.png,23.233333333333334,102,103,102.5
697,exp_vid1_0698.png,23.266666666666666,152,155,153.5
698,exp_vid1_0699.png,23.3,209,215,212.0
699,exp_vid1_0700.png,23.333333333333332,143,179,161.0
700,exp_vid1_0701.png,23.366666666666667,182,202,192.0
701,exp_vid1_0702.png,23.4,220,230,225.0
702,exp_vid1_0703.png,23.433333333333334,220,256,238.0
703,exp_vid1_0704.png,23.466666666666665,224,281,252.5
704,exp_vid1_0705.png,23.5,223,224,223.5
705,exp_vid1_0706.png,23.533333333333335,314,331,322.5
706,exp_vid1_0707.png,23.566666666666666,337,364,350.5
707,exp_vid1_0708.png,23.6,361,364,362.5
708,exp_vid1_0709.png,23.633333333333333,367,377,372.0
709,exp_vid1_0710.png,23.666666666666668,381,382,381.5
710,exp_vid1_0711.png,23.7,291,296,293.5
711,exp_vid1_0712.png,23.733333333333334,382,384,383.0
712,exp_vid1_0713.png,23.766666666666666,385,386,385.5
713,exp_vid1_0714.png,23.8,371,373,372.0
714,exp_vid1_0715.png,23.833333333333332,350,386,368.0
715,exp_vid1_0716.png,23.866666666666667,345,349,347.0
716,exp_vid1_0717.png,23.9,312,328,320.0
717,exp_vid1_0718.png,23.933333333333334,289,323,306.0
718,exp_vid1_0719.png,23.966666666666665,221,222,221.5
719,exp_vid1_0720.png,24.0,234,252,243.0
720,exp_vid1_0721.png,24.033333333333335,205,219,212.0
721,exp_vid1_0722.png,24.066666666666666,174,192,183.0
722,exp_vid1_0723.png,24.1,141,169,155.0
723,exp_vid1_0724.png,24.133333333333333,111,142,126.5
724,exp_vid1_0725.png,24.166666666666668,110,111,110.5
725,exp_vid1_0726.png,24.2,91,92,91.5
726,exp_vid1_0727.png,24.233333333333334,77,84,80.5
727,exp_vid1_0728.png,24.266666666666666,67,78,72.5
728,exp_vid1_0729.png,24.3,148,210,179.0
729,exp_vid1_0730.png,24.333333333333332,172,175,173.5
730,exp_vid1_0731.png,24.366666666666667,65,66,65.5
731,exp_vid1_0732.png,24.4,74,75,74.5
732,exp_vid1_0733.png,24.433333333333334,209,210,209.5
733,exp_vid1_0734.png,24.466666666666665,84,90,87.0
734,exp_vid1_0735.png,24.5,124,126,125.0
735,exp_vid1_0736.png,24.533333333333335,139,157,148.0
736,exp_vid1_0737.png,24.566666666666666,216,218,217.0
737,exp_vid1_0738.png,24.6,182,220,201.0
738,exp_vid1_0739.png,24.633333333333333,213,249,231.0
739,exp_vid1_0740.png,24.666666666666668,222,264,243.0
740,exp_vid1_0741.png,24.7,277,280,278.5
741,exp_vid1_0742.png,24.733333333333334,299,315,307.0
742,exp_vid1_0743.png,24.766666666666666,283,321,302.0
743,exp_vid1_0744.png,24.8,343,354,348.5
744,exp_vid1_0745.png,24.833333333333332,357,369,363.0
745,exp_vid1_0746.png,24.866666666666667,378,379,378.5
746,exp_vid1_0747.png,24.9,388,395,391.5
747,exp_vid1_0748.png,24.933333333333334,382,383,382.5
748,exp_vid1_0749.png,24.966666666666665,390,396,393.0
749,exp_vid1_0750.png,25.0,383,384,383.5
750,exp_vid1_0751.png,25.033333333333335,362,386,374.0
751,exp_vid1_0752.png,25.066666666666666,346,381,363.5
752,exp_vid1_0753.png,25.1,327,341,334.0
753,exp_vid1_0754.png,25.133333333333333,282,283,282.5
754,exp_vid1_0755.png,25.166666666666668,277,302,289.5
755,exp_vid1_0756.png,25.2,250,270,260.0
756,exp_vid1_0757.png,25.233333333333334,219,255,237.0
757,exp_vid1_0758.png,25.266666666666666,216,220,218.0
758,exp_vid1_0759.png,25.3,167,190,178.5
759,exp_vid1_0760.png,25.333333333333332,128,165,146.5
760,exp_vid1_0761.png,25.366666666666667,156,170,163.0
761,exp_vid1_0762.png,25.4,107,109,108.0
762,exp_vid1_0763.png,25.433333333333334,207,210,208.5
763,exp_vid1_0764.png,25.466666666666665,53,88,70.5
764,exp_vid1_0765.png,25.5,47,79,63.0
765,exp_vid1_0766.png,25.533333333333335,66,67,66.5
766,exp_vid1_0767.png,25.566666666666666,67,68,67.5
767,exp_vid1_0768.png,25.6,50,211,130.5
768,exp_vid1_0769.png,25.633333333333333,79,86,82.5
769,exp_vid1_0770.png,25.666666666666668,73,106,89.5
770,exp_vid1_0771.png,25.7,90,124,107.0
771,exp_vid1_0772.png,25.733333333333334,171,173,172.0
772,exp_vid1_0773.png,25.766666666666666,151,169,160.0
773,exp_vid1_0774.png,25.8,180,218,199.0
774,exp_vid1_0775.png,25.833333333333332,202,220,211.0
775,exp_vid1_0776.png,25.866666666666667,228,246,237.0
776,exp_vid1_0777.png,25.9,221,241,231.0
777,exp_vid1_0778.png,25.933333333333334,283,297,290.0
778,exp_vid1_0779.png,25.966666666666665,309,311,310.0
779,exp_vid1_0780.png,26.0,285,327,306.0
780,exp_vid1_0781.png,26.033333333333335,346,358,352.0
781,exp_vid1_0782.png,26.066666666666666,361,372,366.5
782,exp_vid1_0783.png,26.1,375,381,378.0
783,exp_vid1_0784.png,26.133333333333333,230,410,320.0
784,exp_vid1_0785.png,26.166666666666668,230,412,321.0
785,exp_vid1_0786.png,26.2,232,236,234.0
786,exp_vid1_0787.png,26.233333333333334,296,299,297.5
787,exp_vid1_0788.png,26.266666666666666,368,370,369.0
788,exp_vid1_0789.png,26.3,340,354,347.0
789,exp_vid1_0790.png,26.333333333333332,296,299,297.5
790,exp_vid1_0791.png,26.366666666666667,296,315,305.5
791,exp_vid1_0792.png,26.4,268,287,277.5
792,exp_vid1_0793.png,26.433333333333334,233,234,233.5
793,exp_vid1_0794.png,26.466666666666665,216,232,224.0
794,exp_vid1_0795.png,26.5,188,205,196.5
795,exp_vid1_0796.png,26.533333333333335,147,179,163.0
796,exp_vid1_0797.png,26.566666666666666,153,216,184.5
797,exp_vid1_0798.png,26.6,119,129,124.0
798,exp_vid1_0799.png,26.633333333333333,102,108,105.0
799,exp_vid1_0800.png,26.666666666666668,85,92,88.5
800,exp_vid1_0801.png,26.7,84,86,85.0
801,exp_vid1_0802.png,26.733333333333334,47,77,62.0
802,exp_vid1_0803.png,26.766666666666666,179,210,194.5
803,exp_vid1_0804.png,26.8,207,210,208.5
804,exp_vid1_0805.png,26.833333333333332,54,84,69.0
805,exp_vid1_0806.png,26.866666666666667,66,72,69.0
806,exp_vid1_0807.png,26.9,100,102,101.0
807,exp_vid1_0808.png,26.933333333333334,117,118,117.5
808,exp_vid1_0809.png,26.966666666666665,139,142,140.5
809,exp_vid1_0810.png,27.0,153,181,167.0
810,exp_vid1_0811.png,27.033333333333335,194,217,205.5
811,exp_vid1_0812.png,27.066666666666666,296,299,297.5
812,exp_vid1_0813.png,27.1,244,247,245.5
813,exp_vid1_0814.png,27.133333333333333,267,274,270.5
814,exp_vid1_0815.png,27.166666666666668,223,224,223.5
815,exp_vid1_0816.png,27.2,317,325,321.0
816,exp_vid1_0817.png,27.233333333333334,334,367,350.5
817,exp_vid1_0818.png,27.266666666666666,359,360,359.5
818,exp_vid1_0819.png,27.3,365,367,366.0
819,exp_vid1_0820.png,27.333333333333332,296,299,297.5
820,exp_vid1_0821.png,27.366666666666667,296,299,297.5
821,exp_vid1_0822.png,27.4,296,299,297.5
822,exp_vid1_0823.png,27.433333333333334,296,299,297.5
823,exp_vid1_0824.png,27.466666666666665,365,374,369.5
824,exp_vid1_0825.png,27.5,319,347,333.0
825,exp_vid1_0826.png,27.533333333333335,331,347,339.0
826,exp_vid1_0827.png,27.566666666666666,310,326,318.0
827,exp_vid1_0828.png,27.6,288,304,296.0
828,exp_vid1_0829.png,27.633333333333333,253,292,272.5
829,exp_vid1_0830.png,27.666666666666668,219,247,233.0
830,exp_vid1_0831.png,27.7,217,221,219.0
831,exp_vid1_0832.png,27.733333333333334,180,219,199.5
832,exp_vid1_0833.png,27.766666666666666,152,168,160.0
833,exp_vid1_0834.png,27.8,211,213,212.0
834,exp_vid1_0835.png,27.833333333333332,114,116,115.0
835,exp_vid1_0836.png,27.866666666666667,75,108,91.5
836,exp_vid1_0837.png,27.9,87,95,91.0
837,exp_vid1_0838.png,27.933333333333334,52,80,66.0
838,exp_vid1_0839.png,27.966666666666665,66,68,67.0
839,exp_vid1_0840.png,28.0,55,68,61.5
840,exp_vid1_0841.png,28.033333333333335,72,77,74.5
841,exp_vid1_0842.png,28.066666666666666,84,85,84.5
842,exp_vid1_0843.png,28.1,103,105,104.0
843,exp_vid1_0844.png,28.133333333333333,86,112,99.0
844,exp_vid1_0845.png,28.166666666666668,113,142,127.5
845,exp_vid1_0846.png,28.2,152,154,153.0
846,exp_vid1_0847.png,28.233333333333334,160,191,175.5
847,exp_vid1_0848.png,28.266666666666666,182,219,200.5
848,exp_vid1_0849.png,28.3,218,224,221.0
849,exp_vid1_0850.png,28.333333333333332,245,263,254.0
850,exp_vid1_0851.png,28.366666666666667,222,256,239.0
851,exp_vid1_0852.png,28.4,296,330,313.0
852,exp_vid1_0853.png,28.433333333333334,324,333,328.5
853,exp_vid1_0854.png,28.466666666666665,337,352,344.5
854,exp_vid1_0855.png,28.5,356,367,361.5
855,exp_vid1_0856.png,28.533333333333335,367,377,372.0
856,exp_vid1_0857.png,28.566666666666666,376,383,379.5
857,exp_vid1_0858.png,28.6,388,410,399.0
858,exp_vid1_0859.png,28.633333333333333,387,388,387.5
859,exp_vid1_0860.png,28.666666666666668,229,404,316.5
860,exp_vid1_0861.png,28.7,360,393,376.5
861,exp_vid1_0862.png,28.733333333333334,348,352,350.0
862,exp_vid1_0863.png,28.766666666666666,327,338,332.5
863,exp_vid1_0864.png,28.8,304,320,312.0
864,exp_vid1_0865.png,28.833333333333332,287,294,290.5
865,exp_vid1_0866.png,28.866666666666667,254,265,259.5
866,exp_vid1_0867.png,28.9,215,255,235.0
867,exp_vid1_0868.png,28.933333333333334,186,224,205.0
868,exp_vid1_0869.png,28.966666666666665,156,194,175.0
869,exp_vid1_0870.png,29.0,147,162,154.5
870,exp_vid1_0871.png,29.033333333333335,120,143,131.5
871,exp_vid1_0872.png,29.066666666666666,94,102,98.0
872,exp_vid1_0873.png,29.1,78,86,82.0
873,exp_vid1_0874.png,29.133333333333333,70,73,71.5
874,exp_vid1_0875.png,29.166666666666668,52,82,67.0
875,exp_vid1_0876.png,29.2,67,69,68.0
876,exp_vid1_0877.png,29.233333333333334,59,68,63.5
877,exp_vid1_0878.png,29.266666666666666,74,78,76.0
878,exp_vid1_0879.png,29.3,63,95,79.0
879,exp_vid1_0880.png,29.333333333333332,77,108,92.5
880,exp_vid1_0881.png,29.366666666666667,94,127,110.5
881,exp_vid1_0882.png,29.4,212,213,212.5
882,exp_vid1_0883.png,29.433333333333334,296,299,297.5
883,exp_vid1_0884.png,29.466666666666665,296,299,297.5
884,exp_vid1_0885.png,29.5,205,210,207.5
885,exp_vid1_0886.png,29.533333333333335,219,232,225.5
886,exp_vid1_0887.png,29.566666666666666,221,255,238.0
887,exp_vid1_0888.png,29.6,283,296,289.5
888,exp_vid1_0889.png,29.633333333333333,315,317,316.0
889,exp_vid1_0890.png,29.666666666666668,334,336,335.0
890,exp_vid1_0891.png,29.7,227,231,229.0
891,exp_vid1_0892.png,29.733333333333334,362,363,362.5
892,exp_vid1_0893.png,29.766666666666666,370,378,374.0
893,exp_vid1_0894.png,29.8,377,383,380.0
894,exp_vid1_0895.png,29.833333333333332,377,386,381.5
895,exp_vid1_0896.png,29.866666666666667,229,406,317.5
896,exp_vid1_0897.png,29.9,369,370,369.5
897,exp_vid1_0898.png,29.933333333333334,354,387,370.5
898,exp_vid1_0899.png,29.966666666666665,306,311,308.5
899,exp_vid1_0900.png,30.0,317,333,325.0
900,exp_vid1_0901.png,30.033333333333335,294,311,302.5
901,exp_vid1_0902.png,30.066666666666666,269,286,277.5
902,exp_vid1_0903.png,30.1,233,265,249.0
903,exp_vid1_0904.png,30.133333333333333,220,231,225.5
904,exp_vid1_0905.png,30.166666666666668,204,219,211.5
905,exp_vid1_0906.png,30.2,173,176,174.5
906,exp_vid1_0907.png,30.233333333333334,142,143,142.5
907,exp_vid1_0908.png,30.266666666666666,125,129,127.0
908,exp_vid1_0909.png,30.3,103,114,108.5
909,exp_vid1_0910.png,30.333333333333332,209,210,209.5
910,exp_vid1_0911.png,30.366666666666667,58,87,72.5
911,exp_vid1_0912.png,30.4,72,80,76.0
912,exp_vid1_0913.png,30.433333333333334,62,71,66.5
913,exp_vid1_0914.png,30.466666666666665,60,74,67.0
914,exp_vid1_0915.png,30.5,71,81,76.0
915,exp_vid1_0916.png,30.533333333333335,68,88,78.0
916,exp_vid1_0917.png,30.566666666666666,143,145,144.0
917,exp_vid1_0918.png,30.6,125,126,125.5
918,exp_vid1_0919.png,30.633333333333333,128,155,141.5
919,exp_vid1_0920.png,30.666666666666668,169,173,171.0
920,exp_vid1_0921.png,30.7,185,200,192.5
921,exp_vid1_0922.png,30.733333333333334,220,228,224.0
922,exp_vid1_0923.png,30.766666666666666,221,239,230.0
923,exp_vid1_0924.png,30.8,221,222,221.5
924,exp_vid1_0925.png,30.833333333333332,225,302,263.5
925,exp_vid1_0926.png,30.866666666666667,315,344,329.5
926,exp_vid1_0927.png,30.9,330,346,338.0
927,exp_vid1_0928.png,30.933333333333334,347,360,353.5
928,exp_vid1_0929.png,30.966666666666665,361,394,377.5
929,exp_vid1_0930.png,31.0,374,375,374.5
930,exp_vid1_0931.png,31.033333333333335,251,252,251.5
931,exp_vid1_0932.png,31.066666666666666,251,252,251.5
932,exp_vid1_0933.png,31.1,373,380,376.5
933,exp_vid1_0934.png,31.133333333333333,365,372,368.5
934,exp_vid1_0935.png,31.166666666666668,355,360,357.5
935,exp_vid1_0936.png,31.2,293,298,295.5
936,exp_vid1_0937.png,31.233333333333334,305,336,320.5
937,exp_vid1_0938.png,31.266666666666666,281,313,297.0
938,exp_vid1_0939.png,31.3,257,276,266.5
939,exp_vid1_0940.png,31.333333333333332,241,247,244.0
940,exp_vid1_0941.png,31.366666666666667,204,223,213.5
941,exp_vid1_0942.png,31.4,181,217,199.0
942,exp_vid1_0943.png,31.433333333333334,157,215,186.0
943,exp_vid1_0944.png,31.466666666666665,129,151,140.0
944,exp_vid1_0945.png,31.5,120,123,121.5
945,exp_vid1_0946.png,31.533333333333335,210,211,210.5
946,exp_vid1_0947.png,31.566666666666666,90,93,91.5
947,exp_vid1_0948.png,31.6,77,82,79.5
948,exp_vid1_0949.png,31.633333333333333,63,72,67.5
949,exp_vid1_0950.png,31.666666666666668,61,74,67.5
950,exp_vid1_0951.png,31.7,65,78,71.5
951,exp_vid1_0952.png,31.733333333333334,62,212,137.0
952,exp_vid1_0953.png,31.766666666666666,93,100,96.5
953,exp_vid1_0954.png,31.8,90,123,106.5
954,exp_vid1_0955.png,31.833333333333332,124,143,133.5
955,exp_vid1_0956.png,31.866666666666667,131,168,149.5
956,exp_vid1_0957.png,31.9,166,183,174.5
957,exp_vid1_0958.png,31.933333333333334,200,205,202.5
958,exp_vid1_0959.png,31.966666666666665,220,235,227.5
959,exp_vid1_0960.png,32.0,238,241,239.5
960,exp_vid1_0961.png,32.03333333333333,264,295,279.5
961,exp_vid1_0962.png,32.06666666666667,290,331,310.5
962,exp_vid1_0963.png,32.1,313,351,332.0
963,exp_vid1_0964.png,32.13333333333333,337,338,337.5
964,exp_vid1_0965.png,32.166666666666664,353,358,355.5
965,exp_vid1_0966.png,32.2,365,374,369.5
966,exp_vid1_0967.png,32.233333333333334,373,381,377.0
967,exp_vid1_0968.png,32.266666666666666,383,384,383.5
968,exp_vid1_0969.png,32.3,383,386,384.5
969,exp_vid1_0970.png,32.333333333333336,379,385,382.0
970,exp_vid1_0971.png,32.36666666666667,361,362,361.5
971,exp_vid1_0972.png,32.4,270,271,270.5
972,exp_vid1_0973.png,32.43333333333333,329,332,330.5
973,exp_vid1_0974.png,32.46666666666667,298,334,316.0
974,exp_vid1_0975.png,32.5,286,292,289.0
975,exp_vid1_0976.png,32.53333333333333,244,282,263.0
976,exp_vid1_0977.png,32.56666666666667,221,238,229.5
977,exp_vid1_0978.png,32.6,201,214,207.5
978,exp_vid1_0979.png,32.63333333333333,204,218,211.0
979,exp_vid1_0980.png,32.666666666666664,152,157,154.5
980,exp_vid1_0981.png,32.7,131,136,133.5
981,exp_vid1_0982.png,32.733333333333334,111,113,112.0
982,exp_vid1_0983.png,32.766666666666666,83,86,84.5
983,exp_vid1_0984.png,32.8,71,73,72.0
984,exp_vid1_0985.png,32.833333333333336,56,86,71.0
985,exp_vid1_0986.png,32.86666666666667,170,171,170.5
986,exp_vid1_0987.png,32.9,150,151,150.5
987,exp_vid1_0988.png,32.93333333333333,78,88,83.0
988,exp_vid1_0989.png,32.96666666666667,77,87,82.0
989,exp_vid1_0990.png,33.0,98,105,101.5
990,exp_vid1_0991.png,33.03333333333333,107,111,109.0
991,exp_vid1_0992.png,33.06666666666667,117,148,132.5
992,exp_vid1_0993.png,33.1,146,171,158.5
993,exp_vid1_0994.png,33.13333333333333,188,198,193.0
994,exp_vid1_0995.png,33.166666666666664,215,220,217.5
995,exp_vid1_0996.png,33.2,221,241,231.0
996,exp_vid1_0997.png,33.233333333333334,247,276,261.5
997,exp_vid1_0998.png,33.266666666666666,248,297,272.5
998,exp_vid1_0999.png,33.3,303,318,310.5
999,exp_vid1_1000.png,33.333333333333336,324,336,330.0
1000,exp_vid1_1001.png,33.36666666666667,346,376,361.0
1001,exp_vid1_1002.png,33.4,359,368,363.5
1002,exp_vid1_1003.png,33.43333333333333,372,373,372.5
1003,exp_vid1_1004.png,33.46666666666667,374,381,377.5
1004,exp_vid1_1005.png,33.5,376,377,376.5
1005,exp_vid1_1006.png,33.53333333333333,372,381,376.5
1006,exp_vid1_1007.png,33.56666666666667,365,366,365.5
1007,exp_vid1_1008.png,33.6,350,363,356.5
1008,exp_vid1_1009.png,33.63333333333333,344,347,345.5
1009,exp_vid1_1010.png,33.666666666666664,314,330,322.0
1010,exp_vid1_1011.png,33.7,223,224,223.5
1011,exp_vid1_1012.png,33.733333333333334,268,283,275.5
1012,exp_vid1_1013.png,33.766666666666666,255,262,258.5
1013,exp_vid1_1014.png,33.8,296,299,297.5
1014,exp_vid1_1015.png,33.833333333333336,192,203,197.5
1015,exp_vid1_1016.png,33.86666666666667,164,180,172.0
1016,exp_vid1_1017.png,33.9,136,160,148.0
1017,exp_vid1_1018.png,33.93333333333333,210,213,211.5
1018,exp_vid1_1019.png,33.96666666666667,100,111,105.5
1019,exp_vid1_1020.png,34.0,78,80,79.0
1020,exp_vid1_1021.png,34.03333333333333,90,94,92.0
1021,exp_vid1_1022.png,34.06666666666667,56,211,133.5
1022,exp_vid1_1023.png,34.1,194,195,194.5
1023,exp_vid1_1024.png,34.13333333333333,76,86,81.0
1024,exp_vid1_1025.png,34.166666666666664,62,93,77.5
1025,exp_vid1_1026.png,34.2,104,106,105.0
1026,exp_vid1_1027.png,34.233333333333334,94,99,96.5
1027,exp_vid1_1028.png,34.266666666666666,121,131,126.0
1028,exp_vid1_1029.png,34.3,155,214,184.5
1029,exp_vid1_1030.png,34.333333333333336,165,175,170.0
1030,exp_vid1_1031.png,34.36666666666667,181,211,196.0
1031,exp_vid1_1032.png,34.4,213,219,216.0
1032,exp_vid1_1033.png,34.43333333333333,237,261,249.0
1033,exp_vid1_1034.png,34.46666666666667,262,279,270.5
1034,exp_vid1_1035.png,34.5,286,305,295.5
1035,exp_vid1_1036.png,34.53333333333333,282,285,283.5
1036,exp_vid1_1037.png,34.56666666666667,330,342,336.0
1037,exp_vid1_1038.png,34.6,349,359,354.0
1038,exp_vid1_1039.png,34.63333333333333,365,370,367.5
1039,exp_vid1_1040.png,34.666666666666664,369,378,373.5
1040,exp_vid1_1041.png,34.7,373,379,376.0
1041,exp_vid1_1042.png,34.733333333333334,372,376,374.0
1042,exp_vid1_1043.png,34.766666666666666,369,401,385.0
1043,exp_vid1_1044.png,34.8,363,366,364.5
1044,exp_vid1_1045.png,34.833333333333336,345,358,351.5
1045,exp_vid1_1046.png,34.86666666666667,328,341,334.5
1046,exp_vid1_1047.png,34.9,224,225,224.5
1047,exp_vid1_1048.png,34.93333333333333,287,294,290.5
1048,exp_vid1_1049.png,34.96666666666667,261,272,266.5
1049,exp_vid1_1050.png,35.0,219,220,219.5
1050,exp_vid1_1051.png,35.03333333333333,192,232,212.0
1051,exp_vid1_1052.png,35.06666666666667,195,219,207.0
1052,exp_vid1_1053.png,35.1,166,169,167.5
1053,exp_vid1_1054.png,35.13333333333333,135,136,135.5
1054,exp_vid1_1055.png,35.166666666666664,121,125,123.0
1055,exp_vid1_1056.png,35.2,210,211,210.5
1056,exp_vid1_1057.png,35.233333333333334,209,210,209.5
1057,exp_vid1_1058.png,35.266666666666666,80,86,83.0
1058,exp_vid1_1059.png,35.3,124,125,124.5
1059,exp_vid1_1060.png,35.333333333333336,67,75,71.0
1060,exp_vid1_1061.png,35.36666666666667,71,79,75.0
1061,exp_vid1_1062.png,35.4,209,210,209.5
1062,exp_vid1_1063.png,35.43333333333333,91,100,95.5
1063,exp_vid1_1064.png,35.46666666666667,151,152,151.5
1064,exp_vid1_1065.png,35.5,136,175,155.5
1065,exp_vid1_1066.png,35.53333333333333,161,171,166.0
1066,exp_vid1_1067.png,35.56666666666667,173,188,180.5
1067,exp_vid1_1068.png,35.6,197,217,207.0
1068,exp_vid1_1069.png,35.63333333333333,218,222,220.0
1069,exp_vid1_1070.png,35.666666666666664,222,259,240.5
1070,exp_vid1_1071.png,35.7,236,237,236.5
1071,exp_vid1_1072.png,35.733333333333334,294,311,302.5
1072,exp_vid1_1073.png,35.766666666666666,318,319,318.5
1073,exp_vid1_1074.png,35.8,317,318,317.5
1074,exp_vid1_1075.png,35.833333333333336,350,363,356.5
1075,exp_vid1_1076.png,35.86666666666667,370,372,371.0
1076,exp_vid1_1077.png,35.9,369,402,385.5
1077,exp_vid1_1078.png,35.93333333333333,374,381,377.5
1078,exp_vid1_1079.png,35.96666666666667,229,230,229.5
1079,exp_vid1_1080.png,36.0,368,369,368.5
1080,exp_vid1_1081.png,36.03333333333333,353,364,358.5
1081,exp_vid1_1082.png,36.06666666666667,338,351,344.5
1082,exp_vid1_1083.png,36.1,317,355,336.0
1083,exp_vid1_1084.png,36.13333333333333,298,313,305.5
1084,exp_vid1_1085.png,36.166666666666664,275,290,282.5
1085,exp_vid1_1086.png,36.2,249,265,257.0
1086,exp_vid1_1087.png,36.233333333333334,221,229,225.0
1087,exp_vid1_1088.png,36.266666666666666,210,220,215.0
1088,exp_vid1_1089.png,36.3,172,216,194.0
1089,exp_vid1_1090.png,36.333333333333336,184,217,200.5
1090,exp_vid1_1091.png,36.36666666666667,111,141,126.0
1091,exp_vid1_1092.png,36.4,111,121,116.0
1092,exp_vid1_1093.png,36.43333333333333,85,90,87.5
1093,exp_vid1_1094.png,36.46666666666667,77,80,78.5
1094,exp_vid1_1095.png,36.5,78,81,79.5
1095,exp_vid1_1096.png,36.53333333333333,58,132,95.0
1096,exp_vid1_1097.png,36.56666666666667,173,212,192.5
1097,exp_vid1_1098.png,36.6,206,210,208.0
1098,exp_vid1_1099.png,36.63333333333333,73,103,88.0
1099,exp_vid1_1100.png,36.666666666666664,93,95,94.0
1100,exp_vid1_1101.png,36.7,156,160,158.0
1101,exp_vid1_1102.png,36.733333333333334,148,169,158.5
1102,exp_vid1_1103.png,36.766666666666666,143,180,161.5
1103,exp_vid1_1104.png,36.8,182,199,190.5
1104,exp_vid1_1105.png,36.833333333333336,194,233,213.5
1105,exp_vid1_1106.png,36.86666666666667,219,246,232.5
1106,exp_vid1_1107.png,36.9,223,263,243.0
1107,exp_vid1_1108.png,36.93333333333333,277,295,286.0
1108,exp_vid1_1109.png,36.96666666666667,301,317,309.0
1109,exp_vid1_1110.png,37.0,323,335,329.0
1110,exp_vid1_1111.png,37.03333333333333,340,353,346.5
1111,exp_vid1_1112.png,37.06666666666667,354,365,359.5
